dataset,model_key,battery,noise_type,noise_rate,loss,loss_value,acc_clean_labels,acc_noisy_labels,q
PathMNIST,MedSigLIP,A-Clean,Clean,0,CCE,2.160915136,0.23,0.23,
PathMNIST,MedSigLIP,A-Clean,Clean,0,MAE,0.848845363,0.23,0.23,
PathMNIST,MedSigLIP,A-Clean,Clean,0,GCE(q=0.7),1.066434979,0.23,0.23,
PathMNIST,MedSigLIP,A-Clean,Clean,0,TruncGCE,1.066870093,0.23,0.23,
PathMNIST,MedSigLIP,A-Clean,Clean,0,SCE,8.034246445,0.23,0.23,
PathMNIST,MedSigLIP,A-Clean,Clean,0,SDIV,2.655221224,0.23,0.23,
PathMNIST,MedSigLIP,B-Uniform,Uniform,0,CCE,2.160915136,0.23,0.23,
PathMNIST,MedSigLIP,B-Uniform,Uniform,0,MAE,0.848845363,0.23,0.23,
PathMNIST,MedSigLIP,B-Uniform,Uniform,0,GCE(q=0.7),1.066434979,0.23,0.23,
PathMNIST,MedSigLIP,B-Uniform,Uniform,0,TruncGCE,1.066870093,0.23,0.23,
PathMNIST,MedSigLIP,B-Uniform,Uniform,0,SCE,8.034246445,0.23,0.23,
PathMNIST,MedSigLIP,B-Uniform,Uniform,0,SDIV,2.655221224,0.23,0.23,
PathMNIST,MedSigLIP,B-Uniform,Uniform,0,ForwardT,2.160915136,0.23,0.23,
PathMNIST,MedSigLIP,B-Uniform,Uniform,0.2,CCE,2.248323917,0.23,0.200833333,
PathMNIST,MedSigLIP,B-Uniform,Uniform,0.2,MAE,0.858125031,0.23,0.200833333,
PathMNIST,MedSigLIP,B-Uniform,Uniform,0.2,GCE(q=0.7),1.083303928,0.23,0.200833333,
PathMNIST,MedSigLIP,B-Uniform,Uniform,0.2,TruncGCE,1.083753228,0.23,0.200833333,
PathMNIST,MedSigLIP,B-Uniform,Uniform,0.2,SCE,8.128456116,0.23,0.200833333,
PathMNIST,MedSigLIP,B-Uniform,Uniform,0.2,SDIV,2.714120865,0.23,0.200833333,
PathMNIST,MedSigLIP,B-Uniform,Uniform,0.2,ForwardT,2.168821335,0.23,0.200833333,
PathMNIST,MedSigLIP,B-Uniform,Uniform,0.2,ForwardThat,1.959053159,0.23,0.200833333,
PathMNIST,MedSigLIP,B-Uniform,Uniform,0.4,CCE,2.309782267,0.23,0.175833333,
PathMNIST,MedSigLIP,B-Uniform,Uniform,0.4,MAE,0.864791274,0.23,0.175833333,
PathMNIST,MedSigLIP,B-Uniform,Uniform,0.4,GCE(q=0.7),1.095410585,0.23,0.175833333,
PathMNIST,MedSigLIP,B-Uniform,Uniform,0.4,TruncGCE,1.095870018,0.23,0.175833333,
PathMNIST,MedSigLIP,B-Uniform,Uniform,0.4,SCE,8.196001053,0.23,0.175833333,
PathMNIST,MedSigLIP,B-Uniform,Uniform,0.4,SDIV,2.75642848,0.23,0.175833333,
PathMNIST,MedSigLIP,B-Uniform,Uniform,0.4,ForwardT,2.16923213,0.23,0.175833333,
PathMNIST,MedSigLIP,B-Uniform,Uniform,0.4,ForwardThat,1.973667502,0.23,0.175833333,
PathMNIST,MedSigLIP,B-Uniform,Uniform,0.6,CCE,2.377760887,0.23,0.171666667,
PathMNIST,MedSigLIP,B-Uniform,Uniform,0.6,MAE,0.87188822,0.23,0.171666667,
PathMNIST,MedSigLIP,B-Uniform,Uniform,0.6,GCE(q=0.7),1.108577371,0.23,0.171666667,
PathMNIST,MedSigLIP,B-Uniform,Uniform,0.6,TruncGCE,1.109047771,0.23,0.171666667,
PathMNIST,MedSigLIP,B-Uniform,Uniform,0.6,SCE,8.268163681,0.23,0.171666667,
PathMNIST,MedSigLIP,B-Uniform,Uniform,0.6,SDIV,2.802113056,0.23,0.171666667,
PathMNIST,MedSigLIP,B-Uniform,Uniform,0.6,ForwardT,2.179363966,0.23,0.171666667,
PathMNIST,MedSigLIP,B-Uniform,Uniform,0.6,ForwardThat,1.996445417,0.23,0.171666667,
PathMNIST,MedSigLIP,B-ClassDep,ClassDep,0.1,CCE,2.209717274,0.23,0.211666667,
PathMNIST,MedSigLIP,B-ClassDep,ClassDep,0.1,MAE,0.85491395,0.23,0.211666667,
PathMNIST,MedSigLIP,B-ClassDep,ClassDep,0.1,GCE(q=0.7),1.077207208,0.23,0.211666667,
PathMNIST,MedSigLIP,B-ClassDep,ClassDep,0.1,TruncGCE,1.077651381,0.23,0.211666667,
PathMNIST,MedSigLIP,B-ClassDep,ClassDep,0.1,SCE,8.095021248,0.23,0.211666667,
PathMNIST,MedSigLIP,B-ClassDep,ClassDep,0.1,SDIV,2.693231583,0.23,0.211666667,
PathMNIST,MedSigLIP,B-ClassDep,ClassDep,0.1,ForwardT,2.186960936,0.23,0.211666667,
PathMNIST,MedSigLIP,B-ClassDep,ClassDep,0.1,ForwardThat,1.95138967,0.23,0.211666667,
PathMNIST,MedSigLIP,B-ClassDep,ClassDep,0.2,CCE,2.249665022,0.23,0.19,
PathMNIST,MedSigLIP,B-ClassDep,ClassDep,0.2,MAE,0.859880984,0.23,0.19,
PathMNIST,MedSigLIP,B-ClassDep,ClassDep,0.2,GCE(q=0.7),1.085932851,0.23,0.19,
PathMNIST,MedSigLIP,B-ClassDep,ClassDep,0.2,TruncGCE,1.086384296,0.23,0.19,
PathMNIST,MedSigLIP,B-ClassDep,ClassDep,0.2,SCE,8.144763947,0.23,0.19,
PathMNIST,MedSigLIP,B-ClassDep,ClassDep,0.2,SDIV,2.724128246,0.23,0.19,
PathMNIST,MedSigLIP,B-ClassDep,ClassDep,0.2,ForwardT,2.206338882,0.23,0.19,
PathMNIST,MedSigLIP,B-ClassDep,ClassDep,0.2,ForwardThat,1.964816332,0.23,0.19,
PathMNIST,MedSigLIP,B-ClassDep,ClassDep,0.3,CCE,2.287298679,0.23,0.169166667,
PathMNIST,MedSigLIP,B-ClassDep,ClassDep,0.3,MAE,0.865008771,0.23,0.169166667,
PathMNIST,MedSigLIP,B-ClassDep,ClassDep,0.3,GCE(q=0.7),1.094872475,0.23,0.169166667,
PathMNIST,MedSigLIP,B-ClassDep,ClassDep,0.3,TruncGCE,1.09533143,0.23,0.169166667,
PathMNIST,MedSigLIP,B-ClassDep,ClassDep,0.3,SCE,8.195755005,0.23,0.169166667,
PathMNIST,MedSigLIP,B-ClassDep,ClassDep,0.3,SDIV,2.755916119,0.23,0.169166667,
PathMNIST,MedSigLIP,B-ClassDep,ClassDep,0.3,ForwardT,2.222732782,0.23,0.169166667,
PathMNIST,MedSigLIP,B-ClassDep,ClassDep,0.3,ForwardThat,1.978841186,0.23,0.169166667,
PathMNIST,MedSigLIP,B-ClassDep,ClassDep,0.4,CCE,2.314059734,0.23,0.151666667,
PathMNIST,MedSigLIP,B-ClassDep,ClassDep,0.4,MAE,0.869121909,0.23,0.151666667,
PathMNIST,MedSigLIP,B-ClassDep,ClassDep,0.4,GCE(q=0.7),1.101838827,0.23,0.151666667,
PathMNIST,MedSigLIP,B-ClassDep,ClassDep,0.4,TruncGCE,1.102303505,0.23,0.151666667,
PathMNIST,MedSigLIP,B-ClassDep,ClassDep,0.4,SCE,8.236315727,0.23,0.151666667,
PathMNIST,MedSigLIP,B-ClassDep,ClassDep,0.4,SDIV,2.780967712,0.23,0.151666667,
PathMNIST,MedSigLIP,B-ClassDep,ClassDep,0.4,ForwardT,2.242941141,0.23,0.151666667,
PathMNIST,MedSigLIP,B-ClassDep,ClassDep,0.4,ForwardThat,1.987891912,0.23,0.151666667,
PathMNIST,MedSigLIP,D-q-sweep,Uniform,0,GCE(q=0.0),2.160915136,,,0
PathMNIST,MedSigLIP,D-q-sweep,Uniform,0,GCE(q=0.2),1.71391356,,,0.2
PathMNIST,MedSigLIP,D-q-sweep,Uniform,0,GCE(q=0.4),1.394696593,,,0.4
PathMNIST,MedSigLIP,D-q-sweep,Uniform,0,GCE(q=0.6),1.160502076,,,0.6
PathMNIST,MedSigLIP,D-q-sweep,Uniform,0,GCE(q=0.8),0.984359145,,,0.8
PathMNIST,MedSigLIP,D-q-sweep,Uniform,0,GCE(q=1.0),0.848845363,,,1
PathMNIST,MedSigLIP,D-q-sweep,Uniform,0.2,GCE(q=0.0),2.248323917,,,0
PathMNIST,MedSigLIP,D-q-sweep,Uniform,0.2,GCE(q=0.2),1.766384482,,,0.2
PathMNIST,MedSigLIP,D-q-sweep,Uniform,0.2,GCE(q=0.4),1.427263975,,,0.4
PathMNIST,MedSigLIP,D-q-sweep,Uniform,0.2,GCE(q=0.6),1.181356072,,,0.6
PathMNIST,MedSigLIP,D-q-sweep,Uniform,0.2,GCE(q=0.8),0.998096466,,,0.8
PathMNIST,MedSigLIP,D-q-sweep,Uniform,0.2,GCE(q=1.0),0.858125031,,,1
PathMNIST,MedSigLIP,D-q-sweep,Uniform,0.6,GCE(q=0.0),2.377760887,,,0
PathMNIST,MedSigLIP,D-q-sweep,Uniform,0.6,GCE(q=0.2),1.844791889,,,0.2
PathMNIST,MedSigLIP,D-q-sweep,Uniform,0.6,GCE(q=0.4),1.476142645,,,0.4
PathMNIST,MedSigLIP,D-q-sweep,Uniform,0.6,GCE(q=0.6),1.212650537,,,0.6
PathMNIST,MedSigLIP,D-q-sweep,Uniform,0.6,GCE(q=0.8),1.018625259,,,0.8
PathMNIST,MedSigLIP,D-q-sweep,Uniform,0.6,GCE(q=1.0),0.87188822,,,1
PathMNIST,CLIP,A-Clean,Clean,0,CCE,2.417057276,0.181666667,0.181666667,
PathMNIST,CLIP,A-Clean,Clean,0,MAE,0.873126864,0.181666667,0.181666667,
PathMNIST,CLIP,A-Clean,Clean,0,GCE(q=0.7),1.112256289,0.181666667,0.181666667,
PathMNIST,CLIP,A-Clean,Clean,0,TruncGCE,1.112256289,0.181666667,0.181666667,
PathMNIST,CLIP,A-Clean,Clean,0,SCE,8.283501625,0.181666667,0.181666667,
PathMNIST,CLIP,A-Clean,Clean,0,SDIV,2.809035301,0.181666667,0.181666667,
PathMNIST,CLIP,B-Uniform,Uniform,0,CCE,2.417057276,0.181666667,0.181666667,
PathMNIST,CLIP,B-Uniform,Uniform,0,MAE,0.873126864,0.181666667,0.181666667,
PathMNIST,CLIP,B-Uniform,Uniform,0,GCE(q=0.7),1.112256289,0.181666667,0.181666667,
PathMNIST,CLIP,B-Uniform,Uniform,0,TruncGCE,1.112256289,0.181666667,0.181666667,
PathMNIST,CLIP,B-Uniform,Uniform,0,SCE,8.283501625,0.181666667,0.181666667,
PathMNIST,CLIP,B-Uniform,Uniform,0,SDIV,2.809035301,0.181666667,0.181666667,
PathMNIST,CLIP,B-Uniform,Uniform,0,ForwardT,2.417057276,0.181666667,0.181666667,
PathMNIST,CLIP,B-Uniform,Uniform,0.2,CCE,2.415989637,0.181666667,0.176666667,
PathMNIST,CLIP,B-Uniform,Uniform,0.2,MAE,0.873994052,0.181666667,0.176666667,
PathMNIST,CLIP,B-Uniform,Uniform,0.2,GCE(q=0.7),1.113443255,0.181666667,0.176666667,
PathMNIST,CLIP,B-Uniform,Uniform,0.2,TruncGCE,1.113443255,0.181666667,0.176666667,
PathMNIST,CLIP,B-Uniform,Uniform,0.2,SCE,8.291381836,0.181666667,0.176666667,
PathMNIST,CLIP,B-Uniform,Uniform,0.2,SDIV,2.813736439,0.181666667,0.176666667,
PathMNIST,CLIP,B-Uniform,Uniform,0.2,ForwardT,2.278176785,0.181666667,0.176666667,
PathMNIST,CLIP,B-Uniform,Uniform,0.2,ForwardThat,1.895079851,0.181666667,0.176666667,
PathMNIST,CLIP,B-Uniform,Uniform,0.4,CCE,2.406692743,0.181666667,0.156666667,
PathMNIST,CLIP,B-Uniform,Uniform,0.4,MAE,0.875862837,0.181666667,0.156666667,
PathMNIST,CLIP,B-Uniform,Uniform,0.4,GCE(q=0.7),1.115241766,0.181666667,0.156666667,
PathMNIST,CLIP,B-Uniform,Uniform,0.4,TruncGCE,1.115241647,0.181666667,0.156666667,
PathMNIST,CLIP,B-Uniform,Uniform,0.4,SCE,8.307664871,0.181666667,0.156666667,
PathMNIST,CLIP,B-Uniform,Uniform,0.4,SDIV,2.82213068,0.181666667,0.156666667,
PathMNIST,CLIP,B-Uniform,Uniform,0.4,ForwardT,2.215188742,0.181666667,0.156666667,
PathMNIST,CLIP,B-Uniform,Uniform,0.4,ForwardThat,1.901751399,0.181666667,0.156666667,
PathMNIST,CLIP,B-Uniform,Uniform,0.6,CCE,2.431145906,0.181666667,0.139166667,
PathMNIST,CLIP,B-Uniform,Uniform,0.6,MAE,0.880009353,0.181666667,0.139166667,
PathMNIST,CLIP,B-Uniform,Uniform,0.6,GCE(q=0.7),1.12238729,0.181666667,0.139166667,
PathMNIST,CLIP,B-Uniform,Uniform,0.6,TruncGCE,1.12238729,0.181666667,0.139166667,
PathMNIST,CLIP,B-Uniform,Uniform,0.6,SCE,8.34829998,0.181666667,0.139166667,
PathMNIST,CLIP,B-Uniform,Uniform,0.6,SDIV,2.847750902,0.181666667,0.139166667,
PathMNIST,CLIP,B-Uniform,Uniform,0.6,ForwardT,2.199375868,0.181666667,0.139166667,
PathMNIST,CLIP,B-Uniform,Uniform,0.6,ForwardThat,1.912670135,0.181666667,0.139166667,
PathMNIST,CLIP,B-ClassDep,ClassDep,0.1,CCE,2.399400949,0.181666667,0.189166667,
PathMNIST,CLIP,B-ClassDep,ClassDep,0.1,MAE,0.871789277,0.181666667,0.189166667,
PathMNIST,CLIP,B-ClassDep,ClassDep,0.1,GCE(q=0.7),1.109456062,0.181666667,0.189166667,
PathMNIST,CLIP,B-ClassDep,ClassDep,0.1,TruncGCE,1.109456062,0.181666667,0.189166667,
PathMNIST,CLIP,B-ClassDep,ClassDep,0.1,SCE,8.269414902,0.181666667,0.189166667,
PathMNIST,CLIP,B-ClassDep,ClassDep,0.1,SDIV,2.799718857,0.181666667,0.189166667,
PathMNIST,CLIP,B-ClassDep,ClassDep,0.1,ForwardT,2.314341784,0.181666667,0.189166667,
PathMNIST,CLIP,B-ClassDep,ClassDep,0.1,ForwardThat,1.890758514,0.181666667,0.189166667,
PathMNIST,CLIP,B-ClassDep,ClassDep,0.2,CCE,2.400533915,0.181666667,0.1775,
PathMNIST,CLIP,B-ClassDep,ClassDep,0.2,MAE,0.873093069,0.181666667,0.1775,
PathMNIST,CLIP,B-ClassDep,ClassDep,0.2,GCE(q=0.7),1.11126554,0.181666667,0.1775,
PathMNIST,CLIP,B-ClassDep,ClassDep,0.2,TruncGCE,1.111265421,0.181666667,0.1775,
PathMNIST,CLIP,B-ClassDep,ClassDep,0.2,SCE,8.28153801,0.181666667,0.1775,
PathMNIST,CLIP,B-ClassDep,ClassDep,0.2,SDIV,2.806799889,0.181666667,0.1775,
PathMNIST,CLIP,B-ClassDep,ClassDep,0.2,ForwardT,2.269185543,0.181666667,0.1775,
PathMNIST,CLIP,B-ClassDep,ClassDep,0.2,ForwardThat,1.893637776,0.181666667,0.1775,
PathMNIST,CLIP,B-ClassDep,ClassDep,0.3,CCE,2.390260458,0.181666667,0.171666667,
PathMNIST,CLIP,B-ClassDep,ClassDep,0.3,MAE,0.873553872,0.181666667,0.171666667,
PathMNIST,CLIP,B-ClassDep,ClassDep,0.3,GCE(q=0.7),1.111244559,0.181666667,0.171666667,
PathMNIST,CLIP,B-ClassDep,ClassDep,0.3,TruncGCE,1.111244559,0.181666667,0.171666667,
PathMNIST,CLIP,B-ClassDep,ClassDep,0.3,SCE,8.284755707,0.181666667,0.171666667,
PathMNIST,CLIP,B-ClassDep,ClassDep,0.3,SDIV,2.807857037,0.181666667,0.171666667,
PathMNIST,CLIP,B-ClassDep,ClassDep,0.3,ForwardT,2.235064745,0.181666667,0.171666667,
PathMNIST,CLIP,B-ClassDep,ClassDep,0.3,ForwardThat,1.895301104,0.181666667,0.171666667,
PathMNIST,CLIP,B-ClassDep,ClassDep,0.4,CCE,2.387994766,0.181666667,0.160833333,
PathMNIST,CLIP,B-ClassDep,ClassDep,0.4,MAE,0.874863327,0.181666667,0.160833333,
PathMNIST,CLIP,B-ClassDep,ClassDep,0.4,GCE(q=0.7),1.112875581,0.181666667,0.160833333,
PathMNIST,CLIP,B-ClassDep,ClassDep,0.4,TruncGCE,1.112875581,0.181666667,0.160833333,
PathMNIST,CLIP,B-ClassDep,ClassDep,0.4,SCE,8.296588898,0.181666667,0.160833333,
PathMNIST,CLIP,B-ClassDep,ClassDep,0.4,SDIV,2.814571142,0.181666667,0.160833333,
PathMNIST,CLIP,B-ClassDep,ClassDep,0.4,ForwardT,2.227290392,0.181666667,0.160833333,
PathMNIST,CLIP,B-ClassDep,ClassDep,0.4,ForwardThat,1.898421526,0.181666667,0.160833333,
PathMNIST,CLIP,D-q-sweep,Uniform,0,GCE(q=0.0),2.417057276,,,0
PathMNIST,CLIP,D-q-sweep,Uniform,0,GCE(q=0.2),1.864799619,,,0.2
PathMNIST,CLIP,D-q-sweep,Uniform,0,GCE(q=0.4),1.48636055,,,0.4
PathMNIST,CLIP,D-q-sweep,Uniform,0,GCE(q=0.6),1.217841983,,,0.6
PathMNIST,CLIP,D-q-sweep,Uniform,0,GCE(q=0.8),1.021214247,,,0.8
PathMNIST,CLIP,D-q-sweep,Uniform,0,GCE(q=1.0),0.873126864,,,1
PathMNIST,CLIP,D-q-sweep,Uniform,0.2,GCE(q=0.0),2.415989637,,,0
PathMNIST,CLIP,D-q-sweep,Uniform,0.2,GCE(q=0.2),1.865544677,,,0.2
PathMNIST,CLIP,D-q-sweep,Uniform,0.2,GCE(q=0.4),1.48762846,,,0.4
PathMNIST,CLIP,D-q-sweep,Uniform,0.2,GCE(q=0.6),1.219109178,,,0.6
PathMNIST,CLIP,D-q-sweep,Uniform,0.2,GCE(q=0.8),1.022299528,,,0.8
PathMNIST,CLIP,D-q-sweep,Uniform,0.2,GCE(q=1.0),0.873994052,,,1
PathMNIST,CLIP,D-q-sweep,Uniform,0.6,GCE(q=0.0),2.431145906,,,0
PathMNIST,CLIP,D-q-sweep,Uniform,0.6,GCE(q=0.2),1.880061865,,,0.2
PathMNIST,CLIP,D-q-sweep,Uniform,0.6,GCE(q=0.4),1.50009346,,,0.4
PathMNIST,CLIP,D-q-sweep,Uniform,0.6,GCE(q=0.6),1.229195595,,,0.6
PathMNIST,CLIP,D-q-sweep,Uniform,0.6,GCE(q=0.8),1.030176282,,,0.8
PathMNIST,CLIP,D-q-sweep,Uniform,0.6,GCE(q=1.0),0.880009353,,,1
DermaMNIST,MedSigLIP,A-Clean,Clean,0,CCE,1.884301543,0.199166667,0.199166667,
DermaMNIST,MedSigLIP,A-Clean,Clean,0,MAE,0.840785444,0.199166667,0.199166667,
DermaMNIST,MedSigLIP,A-Clean,Clean,0,GCE(q=0.7),1.037737727,0.199166667,0.199166667,
DermaMNIST,MedSigLIP,A-Clean,Clean,0,TruncGCE,1.037737727,0.199166667,0.199166667,
DermaMNIST,MedSigLIP,A-Clean,Clean,0,SCE,7.932350636,0.199166667,0.199166667,
DermaMNIST,MedSigLIP,A-Clean,Clean,0,SDIV,2.578884125,0.199166667,0.199166667,
DermaMNIST,MedSigLIP,B-Uniform,Uniform,0,CCE,1.884301543,0.199166667,0.199166667,
DermaMNIST,MedSigLIP,B-Uniform,Uniform,0,MAE,0.840785444,0.199166667,0.199166667,
DermaMNIST,MedSigLIP,B-Uniform,Uniform,0,GCE(q=0.7),1.037737727,0.199166667,0.199166667,
DermaMNIST,MedSigLIP,B-Uniform,Uniform,0,TruncGCE,1.037737727,0.199166667,0.199166667,
DermaMNIST,MedSigLIP,B-Uniform,Uniform,0,SCE,7.932350636,0.199166667,0.199166667,
DermaMNIST,MedSigLIP,B-Uniform,Uniform,0,SDIV,2.578884125,0.199166667,0.199166667,
DermaMNIST,MedSigLIP,B-Uniform,Uniform,0,ForwardT,1.884301543,0.199166667,0.199166667,
DermaMNIST,MedSigLIP,B-Uniform,Uniform,0.2,CCE,1.910623193,0.199166667,0.195833333,
DermaMNIST,MedSigLIP,B-Uniform,Uniform,0.2,MAE,0.844651043,0.199166667,0.195833333,
DermaMNIST,MedSigLIP,B-Uniform,Uniform,0.2,GCE(q=0.7),1.044537187,0.199166667,0.195833333,
DermaMNIST,MedSigLIP,B-Uniform,Uniform,0.2,TruncGCE,1.044537187,0.199166667,0.195833333,
DermaMNIST,MedSigLIP,B-Uniform,Uniform,0.2,SCE,7.970585823,0.199166667,0.195833333,
DermaMNIST,MedSigLIP,B-Uniform,Uniform,0.2,SDIV,2.603042126,0.199166667,0.195833333,
DermaMNIST,MedSigLIP,B-Uniform,Uniform,0.2,ForwardT,1.910342097,0.199166667,0.195833333,
DermaMNIST,MedSigLIP,B-Uniform,Uniform,0.2,ForwardThat,1.901300311,0.199166667,0.195833333,
DermaMNIST,MedSigLIP,B-Uniform,Uniform,0.4,CCE,1.934314609,0.199166667,0.180833333,
DermaMNIST,MedSigLIP,B-Uniform,Uniform,0.4,MAE,0.8481251,0.199166667,0.180833333,
DermaMNIST,MedSigLIP,B-Uniform,Uniform,0.4,GCE(q=0.7),1.050632954,0.199166667,0.180833333,
DermaMNIST,MedSigLIP,B-Uniform,Uniform,0.4,TruncGCE,1.050632954,0.199166667,0.180833333,
DermaMNIST,MedSigLIP,B-Uniform,Uniform,0.4,SCE,8.004952431,0.199166667,0.180833333,
DermaMNIST,MedSigLIP,B-Uniform,Uniform,0.4,SDIV,2.624712706,0.199166667,0.180833333,
DermaMNIST,MedSigLIP,B-Uniform,Uniform,0.4,ForwardT,1.927503943,0.199166667,0.180833333,
DermaMNIST,MedSigLIP,B-Uniform,Uniform,0.4,ForwardThat,1.907284379,0.199166667,0.180833333,
DermaMNIST,MedSigLIP,B-Uniform,Uniform,0.6,CCE,1.946469545,0.199166667,0.16,
DermaMNIST,MedSigLIP,B-Uniform,Uniform,0.6,MAE,0.850413144,0.199166667,0.16,
DermaMNIST,MedSigLIP,B-Uniform,Uniform,0.6,GCE(q=0.7),1.054403663,0.199166667,0.16,
DermaMNIST,MedSigLIP,B-Uniform,Uniform,0.6,TruncGCE,1.054403543,0.199166667,0.16,
DermaMNIST,MedSigLIP,B-Uniform,Uniform,0.6,SCE,8.027241707,0.199166667,0.16,
DermaMNIST,MedSigLIP,B-Uniform,Uniform,0.6,SDIV,2.638445377,0.199166667,0.16,
DermaMNIST,MedSigLIP,B-Uniform,Uniform,0.6,ForwardT,1.936378002,0.199166667,0.16,
DermaMNIST,MedSigLIP,B-Uniform,Uniform,0.6,ForwardThat,1.912676692,0.199166667,0.16,
DermaMNIST,MedSigLIP,B-ClassDep,ClassDep,0.1,CCE,1.890720844,0.199166667,0.1975,
DermaMNIST,MedSigLIP,B-ClassDep,ClassDep,0.1,MAE,0.841734231,0.199166667,0.1975,
DermaMNIST,MedSigLIP,B-ClassDep,ClassDep,0.1,GCE(q=0.7),1.03938508,0.199166667,0.1975,
DermaMNIST,MedSigLIP,B-ClassDep,ClassDep,0.1,TruncGCE,1.03938508,0.199166667,0.1975,
DermaMNIST,MedSigLIP,B-ClassDep,ClassDep,0.1,SCE,7.941730022,0.199166667,0.1975,
DermaMNIST,MedSigLIP,B-ClassDep,ClassDep,0.1,SDIV,2.584758759,0.199166667,0.1975,
DermaMNIST,MedSigLIP,B-ClassDep,ClassDep,0.1,ForwardT,1.893635869,0.199166667,0.1975,
DermaMNIST,MedSigLIP,B-ClassDep,ClassDep,0.1,ForwardThat,1.895227075,0.199166667,0.1975,
DermaMNIST,MedSigLIP,B-ClassDep,ClassDep,0.2,CCE,1.907986403,0.199166667,0.1875,
DermaMNIST,MedSigLIP,B-ClassDep,ClassDep,0.2,MAE,0.844160557,0.199166667,0.1875,
DermaMNIST,MedSigLIP,B-ClassDep,ClassDep,0.2,GCE(q=0.7),1.043714643,0.199166667,0.1875,
DermaMNIST,MedSigLIP,B-ClassDep,ClassDep,0.2,TruncGCE,1.043714643,0.199166667,0.1875,
DermaMNIST,MedSigLIP,B-ClassDep,ClassDep,0.2,SCE,7.965805531,0.199166667,0.1875,
DermaMNIST,MedSigLIP,B-ClassDep,ClassDep,0.2,SDIV,2.60006237,0.199166667,0.1875,
DermaMNIST,MedSigLIP,B-ClassDep,ClassDep,0.2,ForwardT,1.917258382,0.199166667,0.1875,
DermaMNIST,MedSigLIP,B-ClassDep,ClassDep,0.2,ForwardThat,1.900644183,0.199166667,0.1875,
DermaMNIST,MedSigLIP,B-ClassDep,ClassDep,0.3,CCE,1.927081466,0.199166667,0.175,
DermaMNIST,MedSigLIP,B-ClassDep,ClassDep,0.3,MAE,0.846881509,0.199166667,0.175,
DermaMNIST,MedSigLIP,B-ClassDep,ClassDep,0.3,GCE(q=0.7),1.048551679,0.199166667,0.175,
DermaMNIST,MedSigLIP,B-ClassDep,ClassDep,0.3,TruncGCE,1.048551679,0.199166667,0.175,
DermaMNIST,MedSigLIP,B-ClassDep,ClassDep,0.3,SCE,7.992775917,0.199166667,0.175,
DermaMNIST,MedSigLIP,B-ClassDep,ClassDep,0.3,SDIV,2.617184401,0.199166667,0.175,
DermaMNIST,MedSigLIP,B-ClassDep,ClassDep,0.3,ForwardT,1.942552924,0.199166667,0.175,
DermaMNIST,MedSigLIP,B-ClassDep,ClassDep,0.3,ForwardThat,1.906485438,0.199166667,0.175,
DermaMNIST,MedSigLIP,B-ClassDep,ClassDep,0.4,CCE,1.940011144,0.199166667,0.166666667,
DermaMNIST,MedSigLIP,B-ClassDep,ClassDep,0.4,MAE,0.84871316,0.199166667,0.166666667,
DermaMNIST,MedSigLIP,B-ClassDep,ClassDep,0.4,GCE(q=0.7),1.051801801,0.199166667,0.166666667,
DermaMNIST,MedSigLIP,B-ClassDep,ClassDep,0.4,TruncGCE,1.051801801,0.199166667,0.166666667,
DermaMNIST,MedSigLIP,B-ClassDep,ClassDep,0.4,SCE,8.010937691,0.199166667,0.166666667,
DermaMNIST,MedSigLIP,B-ClassDep,ClassDep,0.4,SDIV,2.628692627,0.199166667,0.166666667,
DermaMNIST,MedSigLIP,B-ClassDep,ClassDep,0.4,ForwardT,1.967174172,0.199166667,0.166666667,
DermaMNIST,MedSigLIP,B-ClassDep,ClassDep,0.4,ForwardThat,1.911392927,0.199166667,0.166666667,
DermaMNIST,MedSigLIP,D-q-sweep,Uniform,0,GCE(q=0.0),1.884301543,,,0
DermaMNIST,MedSigLIP,D-q-sweep,Uniform,0,GCE(q=0.2),1.563568354,,,0.2
DermaMNIST,MedSigLIP,D-q-sweep,Uniform,0,GCE(q=0.4),1.314681888,,,0.4
DermaMNIST,MedSigLIP,D-q-sweep,Uniform,0,GCE(q=0.6),1.119485736,,,0.6
DermaMNIST,MedSigLIP,D-q-sweep,Uniform,0,GCE(q=0.8),0.964754462,,,0.8
DermaMNIST,MedSigLIP,D-q-sweep,Uniform,0,GCE(q=1.0),0.840785444,,,1
DermaMNIST,MedSigLIP,D-q-sweep,Uniform,0.2,GCE(q=0.0),1.910623193,,,0
DermaMNIST,MedSigLIP,D-q-sweep,Uniform,0.2,GCE(q=0.2),1.581357598,,,0.2
DermaMNIST,MedSigLIP,D-q-sweep,Uniform,0.2,GCE(q=0.4),1.326753139,,,0.4
DermaMNIST,MedSigLIP,D-q-sweep,Uniform,0.2,GCE(q=0.6),1.127710462,,,0.6
DermaMNIST,MedSigLIP,D-q-sweep,Uniform,0.2,GCE(q=0.8),0.970381498,,,0.8
DermaMNIST,MedSigLIP,D-q-sweep,Uniform,0.2,GCE(q=1.0),0.844651043,,,1
DermaMNIST,MedSigLIP,D-q-sweep,Uniform,0.6,GCE(q=0.0),1.946469545,,,0
DermaMNIST,MedSigLIP,D-q-sweep,Uniform,0.6,GCE(q=0.2),1.606026053,,,0.2
DermaMNIST,MedSigLIP,D-q-sweep,Uniform,0.6,GCE(q=0.4),1.343799233,,,0.4
DermaMNIST,MedSigLIP,D-q-sweep,Uniform,0.6,GCE(q=0.6),1.139537573,,,0.6
DermaMNIST,MedSigLIP,D-q-sweep,Uniform,0.6,GCE(q=0.8),0.97862041,,,0.8
DermaMNIST,MedSigLIP,D-q-sweep,Uniform,0.6,GCE(q=1.0),0.850413144,,,1
DermaMNIST,CLIP,A-Clean,Clean,0,CCE,2.064163208,0.136666667,0.136666667,
DermaMNIST,CLIP,A-Clean,Clean,0,MAE,0.860455155,0.136666667,0.136666667,
DermaMNIST,CLIP,A-Clean,Clean,0,GCE(q=0.7),1.075862408,0.136666667,0.136666667,
DermaMNIST,CLIP,A-Clean,Clean,0,TruncGCE,1.076342225,0.136666667,0.136666667,
DermaMNIST,CLIP,A-Clean,Clean,0,SCE,8.131500244,0.136666667,0.136666667,
DermaMNIST,CLIP,A-Clean,Clean,0,SDIV,2.72142458,0.136666667,0.136666667,
DermaMNIST,CLIP,B-Uniform,Uniform,0,CCE,2.064163208,0.136666667,0.136666667,
DermaMNIST,CLIP,B-Uniform,Uniform,0,MAE,0.860455155,0.136666667,0.136666667,
DermaMNIST,CLIP,B-Uniform,Uniform,0,GCE(q=0.7),1.075862408,0.136666667,0.136666667,
DermaMNIST,CLIP,B-Uniform,Uniform,0,TruncGCE,1.076342225,0.136666667,0.136666667,
DermaMNIST,CLIP,B-Uniform,Uniform,0,SCE,8.131500244,0.136666667,0.136666667,
DermaMNIST,CLIP,B-Uniform,Uniform,0,SDIV,2.72142458,0.136666667,0.136666667,
DermaMNIST,CLIP,B-Uniform,Uniform,0,ForwardT,2.06416297,0.136666667,0.136666667,
DermaMNIST,CLIP,B-Uniform,Uniform,0.2,CCE,2.069644928,0.136666667,0.13,
DermaMNIST,CLIP,B-Uniform,Uniform,0.2,MAE,0.861037135,0.136666667,0.13,
DermaMNIST,CLIP,B-Uniform,Uniform,0.2,GCE(q=0.7),1.076838136,0.136666667,0.13,
DermaMNIST,CLIP,B-Uniform,Uniform,0.2,TruncGCE,1.077318668,0.136666667,0.13,
DermaMNIST,CLIP,B-Uniform,Uniform,0.2,SCE,8.13740921,0.136666667,0.13,
DermaMNIST,CLIP,B-Uniform,Uniform,0.2,SDIV,2.724903584,0.136666667,0.13,
DermaMNIST,CLIP,B-Uniform,Uniform,0.2,ForwardT,2.02089715,0.136666667,0.13,
DermaMNIST,CLIP,B-Uniform,Uniform,0.2,ForwardThat,1.910740972,0.136666667,0.13,
DermaMNIST,CLIP,B-Uniform,Uniform,0.4,CCE,2.072131872,0.136666667,0.138333333,
DermaMNIST,CLIP,B-Uniform,Uniform,0.4,MAE,0.860818505,0.136666667,0.138333333,
DermaMNIST,CLIP,B-Uniform,Uniform,0.4,GCE(q=0.7),1.076677322,0.136666667,0.138333333,
DermaMNIST,CLIP,B-Uniform,Uniform,0.4,TruncGCE,1.077157855,0.136666667,0.138333333,
DermaMNIST,CLIP,B-Uniform,Uniform,0.4,SCE,8.135643959,0.136666667,0.138333333,
DermaMNIST,CLIP,B-Uniform,Uniform,0.4,SDIV,2.724012136,0.136666667,0.138333333,
DermaMNIST,CLIP,B-Uniform,Uniform,0.4,ForwardT,1.986276865,0.136666667,0.138333333,
DermaMNIST,CLIP,B-Uniform,Uniform,0.4,ForwardThat,1.913972259,0.136666667,0.138333333,
DermaMNIST,CLIP,B-Uniform,Uniform,0.6,CCE,2.085595608,0.136666667,0.128333333,
DermaMNIST,CLIP,B-Uniform,Uniform,0.6,MAE,0.861898899,0.136666667,0.128333333,
DermaMNIST,CLIP,B-Uniform,Uniform,0.6,GCE(q=0.7),1.07896173,0.136666667,0.128333333,
DermaMNIST,CLIP,B-Uniform,Uniform,0.6,TruncGCE,1.079444051,0.136666667,0.128333333,
DermaMNIST,CLIP,B-Uniform,Uniform,0.6,SCE,8.146942139,0.136666667,0.128333333,
DermaMNIST,CLIP,B-Uniform,Uniform,0.6,SDIV,2.731604099,0.136666667,0.128333333,
DermaMNIST,CLIP,B-Uniform,Uniform,0.6,ForwardT,1.964752197,0.136666667,0.128333333,
DermaMNIST,CLIP,B-Uniform,Uniform,0.6,ForwardThat,1.918475389,0.136666667,0.128333333,
DermaMNIST,CLIP,B-ClassDep,ClassDep,0.1,CCE,2.064267397,0.136666667,0.128333333,
DermaMNIST,CLIP,B-ClassDep,ClassDep,0.1,MAE,0.860843122,0.136666667,0.128333333,
DermaMNIST,CLIP,B-ClassDep,ClassDep,0.1,GCE(q=0.7),1.076315284,0.136666667,0.128333333,
DermaMNIST,CLIP,B-ClassDep,ClassDep,0.1,TruncGCE,1.07679534,0.136666667,0.128333333,
DermaMNIST,CLIP,B-ClassDep,ClassDep,0.1,SCE,8.13508606,0.136666667,0.128333333,
DermaMNIST,CLIP,B-ClassDep,ClassDep,0.1,SDIV,2.723320961,0.136666667,0.128333333,
DermaMNIST,CLIP,B-ClassDep,ClassDep,0.1,ForwardT,2.045963526,0.136666667,0.128333333,
DermaMNIST,CLIP,B-ClassDep,ClassDep,0.1,ForwardThat,1.908476591,0.136666667,0.128333333,
DermaMNIST,CLIP,B-ClassDep,ClassDep,0.2,CCE,2.061910629,0.136666667,0.125,
DermaMNIST,CLIP,B-ClassDep,ClassDep,0.2,MAE,0.860651791,0.136666667,0.125,
DermaMNIST,CLIP,B-ClassDep,ClassDep,0.2,GCE(q=0.7),1.075872421,0.136666667,0.125,
DermaMNIST,CLIP,B-ClassDep,ClassDep,0.2,TruncGCE,1.076352239,0.136666667,0.125,
DermaMNIST,CLIP,B-ClassDep,ClassDep,0.2,SCE,8.133087158,0.136666667,0.125,
DermaMNIST,CLIP,B-ClassDep,ClassDep,0.2,SDIV,2.721877813,0.136666667,0.125,
DermaMNIST,CLIP,B-ClassDep,ClassDep,0.2,ForwardT,2.028865099,0.136666667,0.125,
DermaMNIST,CLIP,B-ClassDep,ClassDep,0.2,ForwardThat,1.912936211,0.136666667,0.125,
DermaMNIST,CLIP,B-ClassDep,ClassDep,0.3,CCE,2.067587614,0.136666667,0.120833333,
DermaMNIST,CLIP,B-ClassDep,ClassDep,0.3,MAE,0.861679733,0.136666667,0.120833333,
DermaMNIST,CLIP,B-ClassDep,ClassDep,0.3,GCE(q=0.7),1.077531815,0.136666667,0.120833333,
DermaMNIST,CLIP,B-ClassDep,ClassDep,0.3,TruncGCE,1.078012943,0.136666667,0.120833333,
DermaMNIST,CLIP,B-ClassDep,ClassDep,0.3,SCE,8.143122673,0.136666667,0.120833333,
DermaMNIST,CLIP,B-ClassDep,ClassDep,0.3,SDIV,2.727951288,0.136666667,0.120833333,
DermaMNIST,CLIP,B-ClassDep,ClassDep,0.3,ForwardT,2.019659758,0.136666667,0.120833333,
DermaMNIST,CLIP,B-ClassDep,ClassDep,0.3,ForwardThat,1.916860342,0.136666667,0.120833333,
DermaMNIST,CLIP,B-ClassDep,ClassDep,0.4,CCE,2.071181536,0.136666667,0.1175,
DermaMNIST,CLIP,B-ClassDep,ClassDep,0.4,MAE,0.862045825,0.136666667,0.1175,
DermaMNIST,CLIP,B-ClassDep,ClassDep,0.4,GCE(q=0.7),1.078213215,0.136666667,0.1175,
DermaMNIST,CLIP,B-ClassDep,ClassDep,0.4,TruncGCE,1.07869494,0.136666667,0.1175,
DermaMNIST,CLIP,B-ClassDep,ClassDep,0.4,SCE,8.146854401,0.136666667,0.1175,
DermaMNIST,CLIP,B-ClassDep,ClassDep,0.4,SDIV,2.73030901,0.136666667,0.1175,
DermaMNIST,CLIP,B-ClassDep,ClassDep,0.4,ForwardT,2.005750418,0.136666667,0.1175,
DermaMNIST,CLIP,B-ClassDep,ClassDep,0.4,ForwardThat,1.91958952,0.136666667,0.1175,
DermaMNIST,CLIP,D-q-sweep,Uniform,0,GCE(q=0.0),2.06416297,,,0
DermaMNIST,CLIP,D-q-sweep,Uniform,0,GCE(q=0.2),1.678795099,,,0.2
DermaMNIST,CLIP,D-q-sweep,Uniform,0,GCE(q=0.4),1.388642073,,,0.4
DermaMNIST,CLIP,D-q-sweep,Uniform,0,GCE(q=0.6),1.167023897,,,0.6
DermaMNIST,CLIP,D-q-sweep,Uniform,0,GCE(q=0.8),0.995332897,,,0.8
DermaMNIST,CLIP,D-q-sweep,Uniform,0,GCE(q=1.0),0.860455155,,,1
DermaMNIST,CLIP,D-q-sweep,Uniform,0.2,GCE(q=0.0),2.069644928,,,0
DermaMNIST,CLIP,D-q-sweep,Uniform,0.2,GCE(q=0.2),1.681927919,,,0.2
DermaMNIST,CLIP,D-q-sweep,Uniform,0.2,GCE(q=0.4),1.390520215,,,0.4
DermaMNIST,CLIP,D-q-sweep,Uniform,0.2,GCE(q=0.6),1.168218374,,,0.6
DermaMNIST,CLIP,D-q-sweep,Uniform,0.2,GCE(q=0.8),0.996142507,,,0.8
DermaMNIST,CLIP,D-q-sweep,Uniform,0.2,GCE(q=1.0),0.861037135,,,1
DermaMNIST,CLIP,D-q-sweep,Uniform,0.6,GCE(q=0.0),2.085595369,,,0
DermaMNIST,CLIP,D-q-sweep,Uniform,0.6,GCE(q=0.2),1.690968037,,,0.2
DermaMNIST,CLIP,D-q-sweep,Uniform,0.6,GCE(q=0.4),1.39561522,,,0.4
DermaMNIST,CLIP,D-q-sweep,Uniform,0.6,GCE(q=0.6),1.171068192,,,0.6
DermaMNIST,CLIP,D-q-sweep,Uniform,0.6,GCE(q=0.8),0.997720361,,,0.8
DermaMNIST,CLIP,D-q-sweep,Uniform,0.6,GCE(q=1.0),0.861898899,,,1